batch_id,date,shift,equipment_id,units_produced,defects,yield_rate,cycle_time_min,total_energy_kwh,kwh_per_unit,runtime_hours,downtime_min
BATCH-1001,2024-01-01,Day,CNC-001,118,2,98.31,4.54,254.64,2.158,8.93,8.6
BATCH-1002,2024-01-01,Day,CNC-002,102,0,100.0,4.65,184.3,1.807,7.91,13.2
BATCH-1003,2024-01-01,Day,PRESS-001,170,5,97.06,2.98,254.32,1.496,8.46,2.1
BATCH-1004,2024-01-01,Day,PRESS-002,190,2,98.95,2.82,216.88,1.141,8.92,16.7
BATCH-1005,2024-01-01,Evening,CNC-001,104,1,99.04,4.71,181.3,1.743,8.17,63.9
BATCH-1006,2024-01-01,Evening,CNC-002,108,2,98.15,3.92,184.96,1.713,7.05,4.3
BATCH-1007,2024-01-01,Evening,PRESS-001,199,1,99.5,2.95,269.12,1.352,9.78,17.0
BATCH-1008,2024-01-01,Evening,PRESS-002,194,2,98.97,2.29,213.04,1.098,7.41,13.8
BATCH-1009,2024-01-02,Day,CNC-001,115,1,99.13,3.57,213.63,1.858,6.84,10.5
BATCH-1010,2024-01-02,Day,CNC-002,108,0,100.0,4.22,204.46,1.893,7.6,4.9
BATCH-1011,2024-01-02,Day,PRESS-001,175,6,96.57,2.85,214.61,1.226,8.31,1.9
BATCH-1012,2024-01-02,Day,PRESS-002,189,4,97.88,2.61,211.1,1.117,8.23,22.0
BATCH-1013,2024-01-02,Evening,CNC-001,116,2,98.28,4.86,207.17,1.786,9.4,25.9
BATCH-1014,2024-01-02,Evening,CNC-002,109,2,98.17,4.54,162.48,1.491,8.25,11.6
BATCH-1015,2024-01-02,Evening,PRESS-001,179,4,97.77,2.78,202.54,1.131,8.29,13.5
BATCH-1016,2024-01-02,Evening,PRESS-002,186,4,97.85,2.55,235.39,1.266,7.9,8.3
BATCH-1017,2024-01-03,Day,CNC-001,105,2,98.1,4.27,189.0,1.8,7.47,1.3
BATCH-1018,2024-01-03,Day,CNC-002,111,3,97.3,4.65,184.68,1.664,8.61,4.1
BATCH-1019,2024-01-03,Day,PRESS-001,182,5,97.25,2.73,228.82,1.257,8.28,1.7
BATCH-1020,2024-01-03,Day,PRESS-002,176,3,98.3,2.52,211.49,1.202,7.38,33.6
BATCH-1021,2024-01-03,Evening,CNC-001,119,2,98.32,4.21,220.15,1.85,8.35,39.0
BATCH-1022,2024-01-03,Evening,CNC-002,109,1,99.08,4.72,178.6,1.639,8.58,0.5
BATCH-1023,2024-01-03,Evening,PRESS-001,184,4,97.83,2.83,254.11,1.381,8.68,9.1
BATCH-1024,2024-01-03,Evening,PRESS-002,189,8,95.77,2.8,241.17,1.276,8.83,0.5
BATCH-1025,2024-01-04,Day,CNC-001,106,3,97.17,4.43,187.15,1.766,7.82,6.2
BATCH-1026,2024-01-04,Day,CNC-002,105,2,98.1,4.59,176.06,1.677,8.04,14.1
BATCH-1027,2024-01-04,Day,PRESS-001,193,4,97.93,2.8,245.05,1.27,9.0,9.4
BATCH-1028,2024-01-04,Day,PRESS-002,179,3,98.32,3.53,218.78,1.222,10.52,10.5
BATCH-1029,2024-01-04,Evening,CNC-001,119,3,97.48,4.71,194.29,1.633,9.35,6.1
BATCH-1030,2024-01-04,Evening,CNC-002,114,0,100.0,4.3,190.71,1.673,8.17,1.5
BATCH-1031,2024-01-04,Evening,PRESS-001,172,4,97.67,2.41,202.71,1.179,6.9,1.1
BATCH-1032,2024-01-04,Evening,PRESS-002,170,2,98.82,2.71,225.58,1.327,7.69,3.9
BATCH-1033,2024-01-05,Day,CNC-001,115,5,95.65,4.7,191.25,1.663,9.01,2.6
BATCH-1034,2024-01-05,Day,CNC-002,105,3,97.14,4.71,162.85,1.551,8.24,27.7
BATCH-1035,2024-01-05,Day,PRESS-001,178,5,97.19,3.27,192.85,1.083,9.7,24.3
BATCH-1036,2024-01-05,Day,PRESS-002,192,5,97.4,2.58,217.81,1.134,8.26,26.8
BATCH-1037,2024-01-05,Evening,CNC-001,117,3,97.44,3.9,205.53,1.757,7.61,4.2
BATCH-1038,2024-01-05,Evening,CNC-002,119,1,99.16,5.06,240.44,2.021,10.03,10.7
BATCH-1039,2024-01-05,Evening,PRESS-001,195,4,97.95,2.52,230.11,1.18,8.2,4.2
BATCH-1040,2024-01-05,Evening,PRESS-002,195,2,98.97,3.03,226.08,1.159,9.86,11.9
BATCH-1041,2024-01-08,Day,CNC-001,112,4,96.43,4.63,149.13,1.332,8.65,0.1
BATCH-1042,2024-01-08,Day,CNC-002,119,1,99.16,4.21,171.1,1.438,8.35,22.2
BATCH-1043,2024-01-08,Day,PRESS-001,198,5,97.47,2.56,229.26,1.158,8.45,0.3
BATCH-1044,2024-01-08,Day,PRESS-002,170,4,97.65,2.7,219.4,1.291,7.65,0.9
BATCH-1045,2024-01-08,Evening,CNC-001,114,3,97.37,5.0,216.7,1.901,9.49,26.0
BATCH-1046,2024-01-08,Evening,CNC-002,108,1,99.07,4.86,201.74,1.868,8.74,5.9
BATCH-1047,2024-01-08,Evening,PRESS-001,178,3,98.31,2.43,235.34,1.322,7.2,10.5
BATCH-1048,2024-01-08,Evening,PRESS-002,192,6,96.88,2.65,224.79,1.171,8.49,15.0
BATCH-1049,2024-01-09,Day,CNC-001,116,1,99.14,4.04,221.75,1.912,7.8,16.4
BATCH-1050,2024-01-09,Day,CNC-002,111,2,98.2,4.52,190.43,1.716,8.37,40.4
BATCH-1051,2024-01-09,Day,PRESS-001,185,3,98.38,3.13,224.95,1.216,9.64,7.3
BATCH-1052,2024-01-09,Day,PRESS-002,192,0,100.0,2.62,248.29,1.293,8.4,0.2
BATCH-1053,2024-01-09,Evening,CNC-001,104,3,97.12,4.94,220.55,2.121,8.57,1.7
BATCH-1054,2024-01-09,Evening,CNC-002,111,1,99.1,4.71,232.61,2.096,8.72,3.0
BATCH-1055,2024-01-09,Evening,PRESS-001,191,3,98.43,3.05,225.36,1.18,9.72,7.6
BATCH-1056,2024-01-09,Evening,PRESS-002,195,6,96.92,2.48,238.42,1.223,8.05,6.9
BATCH-1057,2024-01-10,Day,CNC-001,110,3,97.27,4.74,176.22,1.602,8.69,14.5
BATCH-1058,2024-01-10,Day,CNC-002,109,1,99.08,4.97,190.21,1.745,9.03,21.4
BATCH-1059,2024-01-10,Day,PRESS-001,176,3,98.3,2.24,179.42,1.019,6.58,12.5
BATCH-1060,2024-01-10,Day,PRESS-002,185,5,97.3,2.66,259.06,1.4,8.2,5.6
BATCH-1061,2024-01-10,Evening,CNC-001,113,2,98.23,4.21,190.0,1.681,7.93,2.5
BATCH-1062,2024-01-10,Evening,CNC-002,105,0,100.0,4.12,175.42,1.671,7.2,11.1
BATCH-1063,2024-01-10,Evening,PRESS-001,172,3,98.26,2.56,231.55,1.346,7.34,9.1
BATCH-1064,2024-01-10,Evening,PRESS-002,181,4,97.79,2.85,239.88,1.325,8.6,2.2
BATCH-1065,2024-01-11,Day,CNC-001,112,3,97.32,4.17,207.59,1.854,7.79,15.5
BATCH-1066,2024-01-11,Day,CNC-002,105,0,100.0,4.51,157.23,1.497,7.89,16.5
BATCH-1067,2024-01-11,Day,PRESS-001,181,5,97.24,2.92,235.01,1.298,8.81,15.0
BATCH-1068,2024-01-11,Day,PRESS-002,173,7,95.95,3.23,224.55,1.298,9.31,1.6
BATCH-1069,2024-01-11,Evening,CNC-001,107,1,99.07,4.59,197.66,1.847,8.18,1.0
BATCH-1070,2024-01-11,Evening,CNC-002,116,1,99.14,4.03,154.86,1.335,7.8,12.2
BATCH-1071,2024-01-11,Evening,PRESS-001,196,3,98.47,3.19,253.23,1.292,10.43,26.6
BATCH-1072,2024-01-11,Evening,PRESS-002,199,8,95.98,3.2,235.88,1.185,10.62,29.0
BATCH-1073,2024-01-12,Day,CNC-001,115,1,99.13,4.87,210.14,1.827,9.33,5.1
BATCH-1074,2024-01-12,Day,CNC-002,113,2,98.23,4.55,270.86,2.397,8.57,5.1
BATCH-1075,2024-01-12,Day,PRESS-001,181,5,97.24,2.27,200.36,1.107,6.86,5.1
BATCH-1076,2024-01-12,Day,PRESS-002,172,3,98.26,2.58,217.04,1.262,7.4,9.7
BATCH-1077,2024-01-12,Evening,CNC-001,102,2,98.04,4.52,203.72,1.997,7.69,1.4
BATCH-1078,2024-01-12,Evening,CNC-002,112,0,100.0,4.62,240.94,2.151,8.62,13.5
BATCH-1079,2024-01-12,Evening,PRESS-001,187,2,98.93,2.7,210.61,1.126,8.4,2.6
BATCH-1080,2024-01-12,Evening,PRESS-002,193,3,98.45,2.45,249.22,1.291,7.89,7.6
BATCH-1081,2024-01-15,Day,CNC-001,113,3,97.35,4.72,187.63,1.66,8.89,9.1
BATCH-1082,2024-01-15,Day,CNC-002,102,1,99.02,4.02,180.79,1.772,6.84,2.5
BATCH-1083,2024-01-15,Day,PRESS-001,199,5,97.49,2.98,234.4,1.178,9.87,2.5
BATCH-1084,2024-01-15,Day,PRESS-002,192,5,97.4,2.95,262.49,1.367,9.44,4.2
BATCH-1085,2024-01-15,Evening,CNC-001,106,1,99.06,4.0,186.57,1.76,7.07,10.3
BATCH-1086,2024-01-15,Evening,CNC-002,113,1,99.12,4.95,214.65,1.9,9.33,6.7
BATCH-1087,2024-01-15,Evening,PRESS-001,188,2,98.94,2.69,209.33,1.113,8.43,15.1
BATCH-1088,2024-01-15,Evening,PRESS-002,183,5,97.27,2.74,215.78,1.179,8.35,24.1
BATCH-1089,2024-01-16,Day,CNC-001,119,1,99.16,4.18,210.95,1.773,8.29,5.7
BATCH-1090,2024-01-16,Day,CNC-002,103,0,100.0,3.98,187.01,1.816,6.83,12.9
BATCH-1091,2024-01-16,Day,PRESS-001,173,3,98.27,2.98,218.59,1.264,8.59,3.2
BATCH-1092,2024-01-16,Day,PRESS-002,194,6,96.91,2.81,262.39,1.353,9.07,12.3
BATCH-1093,2024-01-16,Evening,CNC-001,114,1,99.12,4.58,185.22,1.625,8.7,4.8
BATCH-1094,2024-01-16,Evening,CNC-002,108,1,99.07,5.26,221.23,2.048,9.48,7.6
BATCH-1095,2024-01-16,Evening,PRESS-001,175,5,97.14,2.52,208.35,1.191,7.35,1.6
BATCH-1096,2024-01-16,Evening,PRESS-002,188,5,97.34,2.83,175.35,0.933,8.88,13.4
BATCH-1097,2024-01-17,Day,CNC-001,103,2,98.06,4.26,203.98,1.98,7.32,1.0
BATCH-1098,2024-01-17,Day,CNC-002,118,3,97.46,4.17,234.07,1.984,8.19,5.0
BATCH-1099,2024-01-17,Day,PRESS-001,172,2,98.84,2.58,186.34,1.083,7.4,13.0
BATCH-1100,2024-01-17,Day,PRESS-002,193,4,97.93,3.0,205.96,1.067,9.65,0.4
BATCH-1101,2024-01-17,Evening,CNC-001,108,1,99.07,4.41,172.19,1.594,7.94,21.6
BATCH-1102,2024-01-17,Evening,CNC-002,118,1,99.15,3.67,192.24,1.629,7.23,3.0
BATCH-1103,2024-01-17,Evening,PRESS-001,181,6,96.69,2.98,215.26,1.189,9.0,0.8
BATCH-1104,2024-01-17,Evening,PRESS-002,195,3,98.46,3.15,191.42,0.982,10.23,2.8
BATCH-1105,2024-01-18,Day,CNC-001,118,2,98.31,4.44,188.57,1.598,8.73,5.3
BATCH-1106,2024-01-18,Day,CNC-002,118,3,97.46,4.74,195.75,1.659,9.32,2.5
BATCH-1107,2024-01-18,Day,PRESS-001,182,1,99.45,2.43,259.51,1.426,7.38,5.1
BATCH-1108,2024-01-18,Day,PRESS-002,197,0,100.0,3.46,216.53,1.099,11.37,19.8
BATCH-1109,2024-01-18,Evening,CNC-001,113,2,98.23,4.94,215.03,1.903,9.3,20.7
BATCH-1110,2024-01-18,Evening,CNC-002,107,0,100.0,4.37,182.33,1.704,7.8,14.6
BATCH-1111,2024-01-18,Evening,PRESS-001,193,4,97.93,3.28,248.45,1.287,10.54,3.3
BATCH-1112,2024-01-18,Evening,PRESS-002,185,2,98.92,3.06,230.83,1.248,9.42,21.2
BATCH-1113,2024-01-19,Day,CNC-001,106,2,98.11,4.15,185.35,1.749,7.33,3.5
BATCH-1114,2024-01-19,Day,CNC-002,110,1,99.09,4.61,224.62,2.042,8.44,7.6
BATCH-1115,2024-01-19,Day,PRESS-001,181,0,100.0,2.99,213.75,1.181,9.03,9.3
BATCH-1116,2024-01-19,Day,PRESS-002,185,3,98.38,2.86,236.2,1.277,8.81,20.4
BATCH-1117,2024-01-19,Evening,CNC-001,103,0,100.0,4.43,170.62,1.656,7.6,2.7
BATCH-1118,2024-01-19,Evening,CNC-002,108,2,98.15,3.99,207.88,1.925,7.18,9.0
BATCH-1119,2024-01-19,Evening,PRESS-001,183,1,99.45,2.65,234.64,1.282,8.08,29.8
BATCH-1120,2024-01-19,Evening,PRESS-002,176,1,99.43,3.02,195.58,1.111,8.85,1.7
BATCH-1121,2024-01-22,Day,CNC-001,107,2,98.13,3.98,212.62,1.987,7.09,2.3
BATCH-1122,2024-01-22,Day,CNC-002,103,2,98.06,4.32,165.72,1.609,7.42,8.5
BATCH-1123,2024-01-22,Day,PRESS-001,183,0,100.0,2.61,218.06,1.192,7.97,27.0
BATCH-1124,2024-01-22,Day,PRESS-002,178,0,100.0,2.8,191.87,1.078,8.3,16.1
BATCH-1125,2024-01-22,Evening,CNC-001,118,2,98.31,4.75,238.79,2.024,9.33,3.7
BATCH-1126,2024-01-22,Evening,CNC-002,107,2,98.13,4.25,200.41,1.873,7.57,0.1
BATCH-1127,2024-01-22,Evening,PRESS-001,180,2,98.89,3.15,168.02,0.933,9.46,2.2
BATCH-1128,2024-01-22,Evening,PRESS-002,198,4,97.98,2.72,236.06,1.192,8.98,0.8
BATCH-1129,2024-01-23,Day,CNC-001,102,2,98.04,4.29,135.82,1.332,7.29,0.2
BATCH-1130,2024-01-23,Day,CNC-002,109,4,96.33,4.66,205.57,1.886,8.47,2.5
BATCH-1131,2024-01-23,Day,PRESS-001,190,5,97.37,2.74,231.68,1.219,8.66,15.8
BATCH-1132,2024-01-23,Day,PRESS-002,173,4,97.69,2.93,250.11,1.446,8.46,4.5
BATCH-1133,2024-01-23,Evening,CNC-001,102,2,98.04,4.7,204.57,2.006,7.99,2.3
BATCH-1134,2024-01-23,Evening,CNC-002,109,2,98.17,4.09,221.93,2.036,7.42,10.7
BATCH-1135,2024-01-23,Evening,PRESS-001,191,6,96.86,3.26,209.75,1.098,10.38,9.8
BATCH-1136,2024-01-23,Evening,PRESS-002,190,6,96.84,2.95,218.24,1.149,9.35,0.2
BATCH-1137,2024-01-24,Day,CNC-001,112,1,99.11,4.44,223.39,1.995,8.28,20.0
BATCH-1138,2024-01-24,Day,CNC-002,104,1,99.04,4.54,152.69,1.468,7.88,3.1
BATCH-1139,2024-01-24,Day,PRESS-001,193,5,97.41,2.71,209.62,1.086,8.72,28.5
BATCH-1140,2024-01-24,Day,PRESS-002,184,2,98.91,2.75,202.71,1.102,8.43,1.3
BATCH-1141,2024-01-24,Evening,CNC-001,109,0,100.0,3.85,179.6,1.648,6.99,4.0
BATCH-1142,2024-01-24,Evening,CNC-002,116,2,98.28,4.75,189.96,1.638,9.19,7.6
BATCH-1143,2024-01-24,Evening,PRESS-001,194,4,97.94,2.7,237.68,1.225,8.75,2.3
BATCH-1144,2024-01-24,Evening,PRESS-002,186,2,98.92,2.87,202.74,1.09,8.89,19.4
BATCH-1145,2024-01-25,Day,CNC-001,108,2,98.15,5.11,148.36,1.374,9.2,3.2
BATCH-1146,2024-01-25,Day,CNC-002,111,1,99.1,5.18,203.01,1.829,9.58,14.9
BATCH-1147,2024-01-25,Day,PRESS-001,190,3,98.42,3.03,231.26,1.217,9.59,32.7
BATCH-1148,2024-01-25,Day,PRESS-002,174,1,99.43,2.91,184.08,1.058,8.45,3.6
BATCH-1149,2024-01-25,Evening,CNC-001,109,2,98.17,4.28,190.26,1.746,7.78,10.1
BATCH-1150,2024-01-25,Evening,CNC-002,104,2,98.08,4.22,175.64,1.689,7.31,3.2
BATCH-1151,2024-01-25,Evening,PRESS-001,170,2,98.82,2.82,204.83,1.205,8.0,8.3
BATCH-1152,2024-01-25,Evening,PRESS-002,174,6,96.55,2.93,173.87,0.999,8.51,12.9
BATCH-1153,2024-01-26,Day,CNC-001,102,2,98.04,4.5,160.57,1.574,7.64,1.9
BATCH-1154,2024-01-26,Day,CNC-002,111,0,100.0,4.68,200.06,1.802,8.65,0.1
BATCH-1155,2024-01-26,Day,PRESS-001,179,2,98.88,2.73,244.32,1.365,8.14,8.8
BATCH-1156,2024-01-26,Day,PRESS-002,196,2,98.98,2.39,232.88,1.188,7.79,8.2
BATCH-1157,2024-01-26,Evening,CNC-001,116,3,97.41,4.56,208.2,1.795,8.82,17.7
BATCH-1158,2024-01-26,Evening,CNC-002,119,3,97.48,4.51,229.48,1.928,8.95,33.8
BATCH-1159,2024-01-26,Evening,PRESS-001,193,3,98.45,3.22,233.24,1.209,10.36,5.3
BATCH-1160,2024-01-26,Evening,PRESS-002,184,2,98.91,2.8,241.76,1.314,8.58,3.1
BATCH-1161,2024-01-29,Day,CNC-001,114,2,98.25,4.08,201.33,1.766,7.76,4.4
BATCH-1162,2024-01-29,Day,CNC-002,103,0,100.0,4.39,189.32,1.838,7.54,33.0
BATCH-1163,2024-01-29,Day,PRESS-001,172,1,99.42,3.22,227.83,1.325,9.22,4.6
BATCH-1164,2024-01-29,Day,PRESS-002,183,3,98.36,2.6,233.02,1.273,7.94,8.5
BATCH-1165,2024-01-29,Evening,CNC-001,118,2,98.31,4.29,224.76,1.905,8.44,14.9
BATCH-1166,2024-01-29,Evening,CNC-002,109,3,97.25,4.34,205.21,1.883,7.89,2.9
BATCH-1167,2024-01-29,Evening,PRESS-001,182,5,97.25,2.8,186.61,1.025,8.5,1.1
BATCH-1168,2024-01-29,Evening,PRESS-002,175,4,97.71,2.97,204.17,1.167,8.67,2.2
BATCH-1169,2024-01-30,Day,CNC-001,117,3,97.44,4.56,234.81,2.007,8.88,5.0
BATCH-1170,2024-01-30,Day,CNC-002,113,3,97.35,5.07,217.53,1.925,9.56,2.8
BATCH-1171,2024-01-30,Day,PRESS-001,171,0,100.0,2.88,233.07,1.363,8.2,0.6
BATCH-1172,2024-01-30,Day,PRESS-002,176,6,96.59,2.87,202.93,1.153,8.43,0.4
BATCH-1173,2024-01-30,Evening,CNC-001,116,2,98.28,4.14,221.98,1.914,8.01,8.5
BATCH-1174,2024-01-30,Evening,CNC-002,105,3,97.14,4.36,195.92,1.866,7.63,2.4
BATCH-1175,2024-01-30,Evening,PRESS-001,181,2,98.9,2.82,207.5,1.146,8.49,2.7
BATCH-1176,2024-01-30,Evening,PRESS-002,183,5,97.27,2.96,245.03,1.339,9.04,3.9
BATCH-1177,2024-01-31,Day,CNC-001,114,2,98.25,4.44,181.59,1.593,8.43,18.9
BATCH-1178,2024-01-31,Day,CNC-002,112,1,99.11,4.33,198.97,1.777,8.08,2.9
BATCH-1179,2024-01-31,Day,PRESS-001,176,5,97.16,2.89,253.18,1.439,8.48,2.3
BATCH-1180,2024-01-31,Day,PRESS-002,198,4,97.98,3.1,219.14,1.107,10.23,15.1
BATCH-1181,2024-01-31,Evening,CNC-001,118,3,97.46,4.91,210.01,1.78,9.66,3.4
BATCH-1182,2024-01-31,Evening,CNC-002,104,2,98.08,4.41,149.6,1.438,7.65,1.0
BATCH-1183,2024-01-31,Evening,PRESS-001,179,4,97.77,2.82,268.45,1.5,8.41,0.5
BATCH-1184,2024-01-31,Evening,PRESS-002,177,1,99.44,2.57,238.27,1.346,7.58,16.0
BATCH-1185,2024-02-01,Day,CNC-001,107,2,98.13,4.33,184.12,1.721,7.72,3.4
BATCH-1186,2024-02-01,Day,CNC-002,116,2,98.28,4.89,211.41,1.823,9.45,24.8
BATCH-1187,2024-02-01,Day,PRESS-001,184,2,98.91,3.15,301.75,1.64,9.67,0.8
BATCH-1188,2024-02-01,Day,PRESS-002,177,3,98.31,2.23,213.13,1.204,6.57,0.9
BATCH-1189,2024-02-01,Evening,CNC-001,113,3,97.35,4.23,217.92,1.928,7.98,0.6
BATCH-1190,2024-02-01,Evening,CNC-002,114,3,97.37,4.01,219.4,1.925,7.62,12.2
BATCH-1191,2024-02-01,Evening,PRESS-001,178,1,99.44,3.02,244.78,1.375,8.96,12.0
BATCH-1192,2024-02-01,Evening,PRESS-002,180,4,97.78,2.82,201.96,1.122,8.46,12.9
BATCH-1193,2024-02-02,Day,CNC-001,110,1,99.09,4.71,193.88,1.763,8.64,20.0
BATCH-1194,2024-02-02,Day,CNC-002,116,2,98.28,4.21,195.97,1.689,8.14,47.2
BATCH-1195,2024-02-02,Day,PRESS-001,183,2,98.91,2.7,271.41,1.483,8.24,10.3
BATCH-1196,2024-02-02,Day,PRESS-002,183,0,100.0,3.05,230.24,1.258,9.3,5.4
BATCH-1197,2024-02-02,Evening,CNC-001,111,1,99.1,4.33,188.0,1.694,8.02,21.3
BATCH-1198,2024-02-02,Evening,CNC-002,113,1,99.12,4.72,242.39,2.145,8.88,21.1
BATCH-1199,2024-02-02,Evening,PRESS-001,174,2,98.85,2.91,270.62,1.555,8.45,4.5
BATCH-1200,2024-02-02,Evening,PRESS-002,195,3,98.46,2.66,274.4,1.407,8.64,6.0
BATCH-1201,2024-02-05,Day,CNC-001,105,1,99.05,4.25,214.51,2.043,7.44,2.4
BATCH-1202,2024-02-05,Day,CNC-002,114,3,97.37,4.66,218.68,1.918,8.85,12.5
BATCH-1203,2024-02-05,Day,PRESS-001,174,2,98.85,2.92,246.61,1.417,8.46,0.2
BATCH-1204,2024-02-05,Day,PRESS-002,190,2,98.95,2.85,248.32,1.307,9.03,11.8
BATCH-1205,2024-02-05,Evening,CNC-001,115,1,99.13,4.34,209.28,1.82,8.32,15.7
BATCH-1206,2024-02-05,Evening,CNC-002,118,2,98.31,4.58,212.28,1.799,9.02,43.1
BATCH-1207,2024-02-05,Evening,PRESS-001,186,7,96.24,2.76,268.56,1.444,8.57,20.0
BATCH-1208,2024-02-05,Evening,PRESS-002,187,3,98.4,2.82,221.7,1.186,8.8,20.4
BATCH-1209,2024-02-06,Day,CNC-001,114,1,99.12,4.16,164.72,1.445,7.9,2.6
BATCH-1210,2024-02-06,Day,CNC-002,113,2,98.23,4.68,170.68,1.51,8.82,6.2
BATCH-1211,2024-02-06,Day,PRESS-001,193,1,99.48,2.47,346.85,1.797,7.95,19.2
BATCH-1212,2024-02-06,Day,PRESS-002,180,3,98.33,2.74,190.64,1.059,8.22,7.3
BATCH-1213,2024-02-06,Evening,CNC-001,110,1,99.09,4.93,174.33,1.585,9.04,2.7
BATCH-1214,2024-02-06,Evening,CNC-002,118,0,100.0,5.09,221.38,1.876,10.01,0.4
BATCH-1215,2024-02-06,Evening,PRESS-001,173,2,98.84,3.02,271.82,1.571,8.7,0.1
BATCH-1216,2024-02-06,Evening,PRESS-002,193,5,97.41,3.07,213.68,1.107,9.88,0.5
BATCH-1217,2024-02-07,Day,CNC-001,107,2,98.13,5.23,165.48,1.547,9.33,3.8
BATCH-1218,2024-02-07,Day,CNC-002,107,0,100.0,4.35,214.16,2.001,7.76,23.0
BATCH-1219,2024-02-07,Day,PRESS-001,176,3,98.3,2.98,193.46,1.099,8.73,2.1
BATCH-1220,2024-02-07,Day,PRESS-002,177,5,97.18,3.22,224.18,1.267,9.51,34.5
BATCH-1221,2024-02-07,Evening,CNC-001,111,2,98.2,4.13,190.72,1.718,7.64,6.4
BATCH-1222,2024-02-07,Evening,CNC-002,115,4,96.52,4.68,227.98,1.982,8.97,2.8
BATCH-1223,2024-02-07,Evening,PRESS-001,184,7,96.2,2.6,264.07,1.435,7.97,0.7
BATCH-1224,2024-02-07,Evening,PRESS-002,179,4,97.77,2.67,203.3,1.136,7.98,1.8
BATCH-1225,2024-02-08,Day,CNC-001,108,3,97.22,4.65,216.39,2.004,8.36,25.6
BATCH-1226,2024-02-08,Day,CNC-002,102,1,99.02,4.5,195.14,1.913,7.64,1.9
BATCH-1227,2024-02-08,Day,PRESS-001,187,5,97.33,2.43,322.74,1.726,7.57,23.8
BATCH-1228,2024-02-08,Day,PRESS-002,185,4,97.84,3.38,183.19,0.99,10.41,22.5
BATCH-1229,2024-02-08,Evening,CNC-001,102,3,97.06,4.63,174.16,1.707,7.88,4.5
BATCH-1230,2024-02-08,Evening,CNC-002,103,2,98.06,4.34,224.02,2.175,7.46,8.4
BATCH-1231,2024-02-08,Evening,PRESS-001,192,3,98.44,2.71,254.58,1.326,8.69,0.2
BATCH-1232,2024-02-08,Evening,PRESS-002,176,3,98.3,2.74,243.97,1.386,8.02,14.5
BATCH-1233,2024-02-09,Day,CNC-001,119,1,99.16,5.09,199.55,1.677,10.09,1.6
BATCH-1234,2024-02-09,Day,CNC-002,110,1,99.09,4.42,205.93,1.872,8.1,6.7
BATCH-1235,2024-02-09,Day,PRESS-001,177,6,96.61,2.67,282.61,1.597,7.89,36.8
BATCH-1236,2024-02-09,Day,PRESS-002,194,4,97.94,2.6,261.26,1.347,8.4,10.0
BATCH-1237,2024-02-09,Evening,CNC-001,115,2,98.26,4.42,207.59,1.805,8.47,14.8
BATCH-1238,2024-02-09,Evening,CNC-002,113,2,98.23,4.97,220.12,1.948,9.36,14.2
BATCH-1239,2024-02-09,Evening,PRESS-001,181,4,97.79,2.75,242.11,1.338,8.29,6.8
BATCH-1240,2024-02-09,Evening,PRESS-002,175,3,98.29,2.8,214.4,1.225,8.17,20.8
BATCH-1241,2024-02-12,Day,CNC-001,117,1,99.15,4.91,210.62,1.8,9.57,28.8
BATCH-1242,2024-02-12,Day,CNC-002,104,1,99.04,4.13,176.38,1.696,7.15,2.1
BATCH-1243,2024-02-12,Day,PRESS-001,179,4,97.77,2.74,245.47,1.371,8.16,2.4
BATCH-1244,2024-02-12,Day,PRESS-002,188,4,97.87,2.51,216.63,1.152,7.88,0.8
BATCH-1245,2024-02-12,Evening,CNC-001,113,3,97.35,4.54,197.31,1.746,8.55,5.7
BATCH-1246,2024-02-12,Evening,CNC-002,104,2,98.08,4.9,185.4,1.783,8.48,2.2
BATCH-1247,2024-02-12,Evening,PRESS-001,189,3,98.41,2.77,274.29,1.451,8.73,6.7
BATCH-1248,2024-02-12,Evening,PRESS-002,184,2,98.91,2.93,200.66,1.091,8.97,9.8
BATCH-1249,2024-02-13,Day,CNC-001,115,3,97.39,4.83,197.21,1.715,9.26,1.9
BATCH-1250,2024-02-13,Day,CNC-002,107,1,99.07,4.64,215.49,2.014,8.27,2.3
BATCH-1251,2024-02-13,Day,PRESS-001,173,5,97.11,2.82,235.76,1.363,8.12,24.3
BATCH-1252,2024-02-13,Day,PRESS-002,177,2,98.87,2.56,254.67,1.439,7.55,4.5
BATCH-1253,2024-02-13,Evening,CNC-001,108,0,100.0,4.43,182.14,1.686,7.97,4.4
BATCH-1254,2024-02-13,Evening,CNC-002,108,2,98.15,4.45,214.38,1.985,8.01,5.2
BATCH-1255,2024-02-13,Evening,PRESS-001,171,3,98.25,2.67,244.56,1.43,7.62,0.5
BATCH-1256,2024-02-13,Evening,PRESS-002,191,0,100.0,3.22,242.58,1.27,10.25,11.4
BATCH-1257,2024-02-14,Day,CNC-001,113,3,97.35,5.3,219.69,1.944,9.98,9.2
BATCH-1258,2024-02-14,Day,CNC-002,115,1,99.13,4.35,182.66,1.588,8.35,3.8
BATCH-1259,2024-02-14,Day,PRESS-001,189,5,97.35,2.9,308.67,1.633,9.12,12.6
BATCH-1260,2024-02-14,Day,PRESS-002,193,5,97.41,2.83,232.47,1.204,9.1,4.9
BATCH-1261,2024-02-14,Evening,CNC-001,110,1,99.09,4.43,188.9,1.717,8.11,7.8
BATCH-1262,2024-02-14,Evening,CNC-002,104,1,99.04,4.15,195.61,1.881,7.2,8.8
BATCH-1263,2024-02-14,Evening,PRESS-001,199,7,96.48,3.0,329.44,1.655,9.95,26.1
BATCH-1264,2024-02-14,Evening,PRESS-002,188,1,99.47,3.17,292.83,1.558,9.93,26.6
BATCH-1265,2024-02-15,Day,CNC-001,104,1,99.04,4.5,201.5,1.937,7.79,2.4
BATCH-1266,2024-02-15,Day,CNC-002,104,1,99.04,4.5,173.43,1.668,7.79,15.3
BATCH-1267,2024-02-15,Day,PRESS-001,178,2,98.88,2.83,281.45,1.581,8.39,13.4
BATCH-1268,2024-02-15,Day,PRESS-002,171,1,99.42,2.89,206.16,1.206,8.22,15.6
BATCH-1269,2024-02-15,Evening,CNC-001,109,3,97.25,4.25,192.02,1.762,7.73,2.8
BATCH-1270,2024-02-15,Evening,CNC-002,111,1,99.1,4.68,238.02,2.144,8.65,0.1
BATCH-1271,2024-02-15,Evening,PRESS-001,189,1,99.47,2.84,276.94,1.465,8.95,24.7
BATCH-1272,2024-02-15,Evening,PRESS-002,170,1,99.41,2.84,207.05,1.218,8.04,3.5
BATCH-1273,2024-02-16,Day,CNC-001,116,1,99.14,3.9,223.92,1.93,7.53,10.1
BATCH-1274,2024-02-16,Day,CNC-002,119,0,100.0,4.2,228.78,1.923,8.33,26.7
BATCH-1275,2024-02-16,Day,PRESS-001,172,4,97.67,2.62,265.52,1.544,7.5,1.4
BATCH-1276,2024-02-16,Day,PRESS-002,194,4,97.94,2.69,261.12,1.346,8.69,8.0
BATCH-1277,2024-02-16,Evening,CNC-001,116,0,100.0,4.37,219.75,1.894,8.45,24.9
BATCH-1278,2024-02-16,Evening,CNC-002,113,0,100.0,4.34,233.24,2.064,8.18,22.7
BATCH-1279,2024-02-16,Evening,PRESS-001,175,2,98.86,3.01,241.55,1.38,8.77,1.9
BATCH-1280,2024-02-16,Evening,PRESS-002,192,7,96.35,2.88,185.18,0.964,9.22,8.2
BATCH-1281,2024-02-19,Day,CNC-001,107,0,100.0,4.34,174.26,1.629,7.74,8.6
BATCH-1282,2024-02-19,Day,CNC-002,119,5,95.8,4.09,205.38,1.726,8.12,9.8
BATCH-1283,2024-02-19,Day,PRESS-001,191,7,96.34,2.77,258.44,1.353,8.81,25.0
BATCH-1284,2024-02-19,Day,PRESS-002,174,5,97.13,2.69,169.58,0.975,7.81,11.8
BATCH-1285,2024-02-19,Evening,CNC-001,112,2,98.21,4.75,248.51,2.219,8.87,8.5
BATCH-1286,2024-02-19,Evening,CNC-002,117,2,98.29,4.41,209.48,1.79,8.59,7.6
BATCH-1287,2024-02-19,Evening,PRESS-001,171,5,97.08,2.67,261.55,1.53,7.62,9.3
BATCH-1288,2024-02-19,Evening,PRESS-002,199,6,96.98,2.76,242.31,1.218,9.14,2.4
BATCH-1289,2024-02-20,Day,CNC-001,116,2,98.28,4.42,218.3,1.882,8.55,5.6
BATCH-1290,2024-02-20,Day,CNC-002,107,3,97.2,4.93,186.63,1.744,8.8,8.6
BATCH-1291,2024-02-20,Day,PRESS-001,193,2,98.96,2.85,304.03,1.575,9.18,0.8
BATCH-1292,2024-02-20,Day,PRESS-002,196,3,98.47,2.83,205.73,1.05,9.26,1.8
BATCH-1293,2024-02-20,Evening,CNC-001,102,3,97.06,4.2,161.7,1.585,7.14,25.9
BATCH-1294,2024-02-20,Evening,CNC-002,118,3,97.46,4.46,169.05,1.433,8.78,0.3
BATCH-1295,2024-02-20,Evening,PRESS-001,196,4,97.96,2.83,245.64,1.253,9.23,9.7
BATCH-1296,2024-02-20,Evening,PRESS-002,184,4,97.83,3.01,237.82,1.292,9.24,10.3
BATCH-1297,2024-02-21,Day,CNC-001,114,1,99.12,4.64,191.3,1.678,8.81,12.8
BATCH-1298,2024-02-21,Day,CNC-002,113,2,98.23,3.78,224.08,1.983,7.13,21.7
BATCH-1299,2024-02-21,Day,PRESS-001,187,1,99.47,3.17,260.53,1.393,9.89,5.2
BATCH-1300,2024-02-21,Day,PRESS-002,188,3,98.4,3.03,241.27,1.283,9.48,22.9
BATCH-1301,2024-02-21,Evening,CNC-001,108,3,97.22,4.35,173.73,1.609,7.83,2.3
BATCH-1302,2024-02-21,Evening,CNC-002,105,4,96.19,4.64,199.79,1.903,8.11,38.3
BATCH-1303,2024-02-21,Evening,PRESS-001,179,5,97.21,2.85,245.66,1.372,8.52,15.8
BATCH-1304,2024-02-21,Evening,PRESS-002,188,4,97.87,2.98,169.4,0.901,9.33,31.7
BATCH-1305,2024-02-22,Day,CNC-001,102,2,98.04,4.62,193.5,1.897,7.85,14.2
BATCH-1306,2024-02-22,Day,CNC-002,105,1,99.05,4.75,177.76,1.693,8.31,4.2
BATCH-1307,2024-02-22,Day,PRESS-001,181,4,97.79,2.89,271.35,1.499,8.71,11.8
BATCH-1308,2024-02-22,Day,PRESS-002,175,5,97.14,3.3,198.08,1.132,9.62,2.3
BATCH-1309,2024-02-22,Evening,CNC-001,105,0,100.0,5.25,196.42,1.871,9.19,11.2
BATCH-1310,2024-02-22,Evening,CNC-002,114,1,99.12,4.01,170.74,1.498,7.61,0.6
BATCH-1311,2024-02-22,Evening,PRESS-001,172,0,100.0,3.17,233.25,1.356,9.1,14.9
BATCH-1312,2024-02-22,Evening,PRESS-002,191,4,97.91,2.93,180.17,0.943,9.31,3.5
BATCH-1313,2024-02-23,Day,CNC-001,119,1,99.16,4.45,211.29,1.776,8.83,0.7
BATCH-1314,2024-02-23,Day,CNC-002,103,1,99.03,4.99,175.49,1.704,8.57,2.6
BATCH-1315,2024-02-23,Day,PRESS-001,187,3,98.4,3.34,277.47,1.484,10.41,6.8
BATCH-1316,2024-02-23,Day,PRESS-002,196,7,96.43,2.93,221.01,1.128,9.58,9.2
BATCH-1317,2024-02-23,Evening,CNC-001,102,2,98.04,4.68,183.27,1.797,7.96,3.8
BATCH-1318,2024-02-23,Evening,CNC-002,114,0,100.0,4.66,249.49,2.189,8.86,24.0
BATCH-1319,2024-02-23,Evening,PRESS-001,181,3,98.34,2.99,274.53,1.517,9.01,9.7
BATCH-1320,2024-02-23,Evening,PRESS-002,173,3,98.27,2.68,211.43,1.222,7.74,20.3
BATCH-1321,2024-02-26,Day,CNC-001,104,3,97.12,4.27,183.34,1.763,7.4,25.4
BATCH-1322,2024-02-26,Day,CNC-002,113,2,98.23,4.4,226.7,2.006,8.28,2.5
BATCH-1323,2024-02-26,Day,PRESS-001,171,1,99.42,2.83,271.19,1.586,8.07,18.0
BATCH-1324,2024-02-26,Day,PRESS-002,176,4,97.73,2.91,178.42,1.014,8.52,4.1
BATCH-1325,2024-02-26,Evening,CNC-001,104,1,99.04,5.0,213.95,2.057,8.66,3.8
BATCH-1326,2024-02-26,Evening,CNC-002,105,2,98.1,4.7,210.05,2.0,8.23,20.6
BATCH-1327,2024-02-26,Evening,PRESS-001,191,2,98.95,2.62,344.56,1.804,8.34,3.9
BATCH-1328,2024-02-26,Evening,PRESS-002,183,3,98.36,2.6,222.99,1.219,7.94,2.6
BATCH-1329,2024-02-27,Day,CNC-001,112,0,100.0,4.7,210.89,1.883,8.77,5.1
BATCH-1330,2024-02-27,Day,CNC-002,110,1,99.09,4.02,193.18,1.756,7.37,7.1
BATCH-1331,2024-02-27,Day,PRESS-001,176,3,98.3,2.42,269.51,1.531,7.11,36.7
BATCH-1332,2024-02-27,Day,PRESS-002,174,1,99.43,2.49,230.36,1.324,7.21,22.1
BATCH-1333,2024-02-27,Evening,CNC-001,116,2,98.28,4.59,230.67,1.989,8.87,13.8
BATCH-1334,2024-02-27,Evening,CNC-002,113,1,99.12,5.12,224.94,1.991,9.64,8.8
BATCH-1335,2024-02-27,Evening,PRESS-001,190,5,97.37,2.42,307.43,1.618,7.68,10.8
BATCH-1336,2024-02-27,Evening,PRESS-002,189,7,96.3,2.58,241.39,1.277,8.11,14.6
BATCH-1337,2024-02-28,Day,CNC-001,103,0,100.0,4.79,168.26,1.634,8.23,17.6
BATCH-1338,2024-02-28,Day,CNC-002,115,3,97.39,3.95,230.22,2.002,7.58,9.2
BATCH-1339,2024-02-28,Day,PRESS-001,198,1,99.49,2.75,253.07,1.278,9.07,14.8
BATCH-1340,2024-02-28,Day,PRESS-002,196,5,97.45,3.01,241.41,1.232,9.84,25.9
BATCH-1341,2024-02-28,Evening,CNC-001,117,3,97.44,4.46,192.45,1.645,8.7,23.7
BATCH-1342,2024-02-28,Evening,CNC-002,115,3,97.39,4.8,206.79,1.798,9.2,15.3
BATCH-1343,2024-02-28,Evening,PRESS-001,181,1,99.45,2.98,275.06,1.52,9.0,14.0
BATCH-1344,2024-02-28,Evening,PRESS-002,171,5,97.08,3.31,217.62,1.273,9.42,6.2
BATCH-1345,2024-02-29,Day,CNC-001,112,1,99.11,4.83,194.02,1.732,9.01,9.4
BATCH-1346,2024-02-29,Day,CNC-002,116,1,99.14,3.93,254.08,2.19,7.6,10.5
BATCH-1347,2024-02-29,Day,PRESS-001,182,3,98.35,3.14,190.03,1.044,9.52,27.7
BATCH-1348,2024-02-29,Day,PRESS-002,199,3,98.49,3.38,271.95,1.367,11.2,44.6
BATCH-1349,2024-02-29,Evening,CNC-001,119,3,97.48,4.21,235.78,1.981,8.34,1.3
BATCH-1350,2024-02-29,Evening,CNC-002,114,2,98.25,4.43,199.6,1.751,8.42,26.0
BATCH-1351,2024-02-29,Evening,PRESS-001,175,4,97.71,2.75,280.35,1.602,8.03,14.1
BATCH-1352,2024-02-29,Evening,PRESS-002,178,2,98.88,2.71,185.77,1.044,8.05,8.1
BATCH-1353,2024-03-01,Day,CNC-001,109,4,96.33,4.48,181.95,1.669,8.13,0.4
BATCH-1354,2024-03-01,Day,CNC-002,110,2,98.18,4.25,194.76,1.771,7.79,2.7
BATCH-1355,2024-03-01,Day,PRESS-001,170,3,98.24,2.91,219.12,1.289,8.24,3.1
BATCH-1356,2024-03-01,Day,PRESS-002,173,4,97.69,3.0,179.18,1.036,8.66,16.5
BATCH-1357,2024-03-01,Evening,CNC-001,105,1,99.05,4.22,150.96,1.438,7.39,33.7
BATCH-1358,2024-03-01,Evening,CNC-002,115,2,98.26,4.66,221.58,1.927,8.94,8.0
BATCH-1359,2024-03-01,Evening,PRESS-001,185,1,99.46,2.69,309.12,1.671,8.29,16.5
BATCH-1360,2024-03-01,Evening,PRESS-002,197,3,98.48,2.81,245.11,1.244,9.23,8.1
BATCH-1361,2024-03-04,Day,CNC-001,114,4,96.49,4.87,204.9,1.797,9.25,44.8
BATCH-1362,2024-03-04,Day,CNC-002,112,2,98.21,5.36,228.05,2.036,10.01,49.8
BATCH-1363,2024-03-04,Day,PRESS-001,171,3,98.25,3.04,204.24,1.194,8.67,4.4
BATCH-1364,2024-03-04,Day,PRESS-002,199,5,97.49,2.45,232.01,1.166,8.12,22.6
BATCH-1365,2024-03-04,Evening,CNC-001,117,2,98.29,4.37,211.88,1.811,8.53,5.1
BATCH-1366,2024-03-04,Evening,CNC-002,115,0,100.0,4.31,199.3,1.733,8.26,9.7
BATCH-1367,2024-03-04,Evening,PRESS-001,170,2,98.82,2.55,225.83,1.328,7.22,2.2
BATCH-1368,2024-03-04,Evening,PRESS-002,177,3,98.31,2.92,235.57,1.331,8.6,5.6
BATCH-1369,2024-03-05,Day,CNC-001,112,3,97.32,4.59,208.77,1.864,8.57,3.3
BATCH-1370,2024-03-05,Day,CNC-002,103,3,97.09,3.78,194.74,1.891,6.48,16.3
BATCH-1371,2024-03-05,Day,PRESS-001,191,1,99.48,2.78,303.13,1.587,8.86,9.0
BATCH-1372,2024-03-05,Day,PRESS-002,172,5,97.09,3.02,237.98,1.384,8.64,3.1
BATCH-1373,2024-03-05,Evening,CNC-001,112,2,98.21,4.92,191.27,1.708,9.18,7.3
BATCH-1374,2024-03-05,Evening,CNC-002,109,2,98.17,4.35,181.71,1.667,7.9,13.6
BATCH-1375,2024-03-05,Evening,PRESS-001,180,2,98.89,2.65,288.81,1.605,7.96,12.2
BATCH-1376,2024-03-05,Evening,PRESS-002,179,3,98.32,2.64,230.12,1.286,7.89,24.2
BATCH-1377,2024-03-06,Day,CNC-001,111,2,98.2,4.43,179.33,1.616,8.2,2.4
BATCH-1378,2024-03-06,Day,CNC-002,118,1,99.15,4.95,203.11,1.721,9.74,8.9
BATCH-1379,2024-03-06,Day,PRESS-001,189,5,97.35,2.72,352.01,1.862,8.57,0.6
BATCH-1380,2024-03-06,Day,PRESS-002,173,3,98.27,2.84,210.97,1.22,8.18,2.9
BATCH-1381,2024-03-06,Evening,CNC-001,102,0,100.0,4.5,184.55,1.809,7.66,8.3
BATCH-1382,2024-03-06,Evening,CNC-002,104,3,97.12,4.48,178.03,1.712,7.77,0.1
BATCH-1383,2024-03-06,Evening,PRESS-001,170,3,98.24,2.98,233.72,1.375,8.44,1.4
BATCH-1384,2024-03-06,Evening,PRESS-002,171,4,97.66,2.68,201.94,1.181,7.65,13.4
BATCH-1385,2024-03-07,Day,CNC-001,103,1,99.03,4.33,150.58,1.462,7.44,1.4
BATCH-1386,2024-03-07,Day,CNC-002,118,3,97.46,4.93,200.89,1.702,9.7,1.8
BATCH-1387,2024-03-07,Day,PRESS-001,175,3,98.29,2.65,280.11,1.601,7.73,2.7
BATCH-1388,2024-03-07,Day,PRESS-002,172,3,98.26,2.92,205.57,1.195,8.37,0.7
BATCH-1389,2024-03-07,Evening,CNC-001,112,3,97.32,4.29,211.31,1.887,8.01,3.2
BATCH-1390,2024-03-07,Evening,CNC-002,110,0,100.0,4.59,205.88,1.872,8.41,2.6
BATCH-1391,2024-03-07,Evening,PRESS-001,186,6,96.77,2.89,310.63,1.67,8.96,40.8
BATCH-1392,2024-03-07,Evening,PRESS-002,181,5,97.24,2.51,214.53,1.185,7.57,13.4
BATCH-1393,2024-03-08,Day,CNC-001,110,3,97.27,4.95,183.41,1.667,9.08,29.8
BATCH-1394,2024-03-08,Day,CNC-002,111,2,98.2,4.71,188.75,1.7,8.71,29.1
BATCH-1395,2024-03-08,Day,PRESS-001,186,4,97.85,2.72,237.19,1.275,8.44,10.9
BATCH-1396,2024-03-08,Day,PRESS-002,186,6,96.77,2.99,204.62,1.1,9.26,15.2
BATCH-1397,2024-03-08,Evening,CNC-001,107,2,98.13,4.46,155.18,1.45,7.95,11.9
BATCH-1398,2024-03-08,Evening,CNC-002,113,2,98.23,5.01,167.94,1.486,9.44,0.7
BATCH-1399,2024-03-08,Evening,PRESS-001,190,0,100.0,2.89,293.38,1.544,9.16,5.3
BATCH-1400,2024-03-08,Evening,PRESS-002,188,3,98.4,2.93,232.84,1.239,9.18,2.0
BATCH-1401,2024-03-11,Day,CNC-001,102,2,98.04,4.44,203.34,1.994,7.54,4.1
BATCH-1402,2024-03-11,Day,CNC-002,112,2,98.21,4.5,218.29,1.949,8.4,3.5
BATCH-1403,2024-03-11,Day,PRESS-001,184,4,97.83,2.67,306.44,1.665,8.17,30.6
BATCH-1404,2024-03-11,Day,PRESS-002,195,3,98.46,2.75,260.06,1.334,8.95,7.2
BATCH-1405,2024-03-11,Evening,CNC-001,105,3,97.14,4.19,169.12,1.611,7.34,12.2
BATCH-1406,2024-03-11,Evening,CNC-002,107,1,99.07,5.26,217.37,2.032,9.38,0.2
BATCH-1407,2024-03-11,Evening,PRESS-001,199,3,98.49,2.58,264.79,1.331,8.55,8.8
BATCH-1408,2024-03-11,Evening,PRESS-002,196,3,98.47,2.61,205.15,1.047,8.53,6.9
BATCH-1409,2024-03-12,Day,CNC-001,105,2,98.1,4.69,196.59,1.872,8.21,0.1
BATCH-1410,2024-03-12,Day,CNC-002,102,3,97.06,5.01,238.49,2.338,8.52,3.8
BATCH-1411,2024-03-12,Day,PRESS-001,185,2,98.92,2.56,296.31,1.602,7.89,11.8
BATCH-1412,2024-03-12,Day,PRESS-002,174,1,99.43,2.42,205.47,1.181,7.01,27.9
BATCH-1413,2024-03-12,Evening,CNC-001,118,4,96.61,4.81,236.07,2.001,9.46,1.2
BATCH-1414,2024-03-12,Evening,CNC-002,109,1,99.08,4.58,148.5,1.362,8.32,2.5
BATCH-1415,2024-03-12,Evening,PRESS-001,171,4,97.66,2.55,247.34,1.446,7.28,0.7
BATCH-1416,2024-03-12,Evening,PRESS-002,186,1,99.46,2.63,182.59,0.982,8.15,4.6
BATCH-1417,2024-03-13,Day,CNC-001,108,1,99.07,4.28,195.0,1.806,7.7,10.3
BATCH-1418,2024-03-13,Day,CNC-002,117,1,99.15,5.08,190.34,1.627,9.9,12.1
BATCH-1419,2024-03-13,Day,PRESS-001,184,3,98.37,2.72,309.36,1.681,8.34,22.4
BATCH-1420,2024-03-13,Day,PRESS-002,183,1,99.45,3.14,231.94,1.267,9.58,38.3
BATCH-1421,2024-03-13,Evening,CNC-001,106,1,99.06,3.95,206.63,1.949,6.98,8.0
BATCH-1422,2024-03-13,Evening,CNC-002,118,3,97.46,4.84,179.48,1.521,9.52,18.9
BATCH-1423,2024-03-13,Evening,PRESS-001,181,2,98.9,2.59,311.53,1.721,7.82,0.7
BATCH-1424,2024-03-13,Evening,PRESS-002,174,5,97.13,2.89,186.67,1.073,8.39,3.0
BATCH-1425,2024-03-14,Day,CNC-001,115,0,100.0,4.44,202.41,1.76,8.51,12.7
BATCH-1426,2024-03-14,Day,CNC-002,116,2,98.28,5.38,204.95,1.767,10.41,12.2
BATCH-1427,2024-03-14,Day,PRESS-001,171,5,97.08,3.01,302.47,1.769,8.58,21.3
BATCH-1428,2024-03-14,Day,PRESS-002,195,1,99.49,2.99,263.68,1.352,9.71,3.7
BATCH-1429,2024-03-14,Evening,CNC-001,115,4,96.52,4.89,203.31,1.768,9.38,34.4
BATCH-1430,2024-03-14,Evening,CNC-002,103,2,98.06,4.73,199.13,1.933,8.13,17.8
BATCH-1431,2024-03-14,Evening,PRESS-001,189,5,97.35,3.21,238.99,1.264,10.11,2.4
BATCH-1432,2024-03-14,Evening,PRESS-002,178,3,98.31,2.66,246.87,1.387,7.88,14.9
BATCH-1433,2024-03-15,Day,CNC-001,102,2,98.04,4.9,167.03,1.638,8.33,12.1
BATCH-1434,2024-03-15,Day,CNC-002,106,1,99.06,3.82,188.1,1.774,6.75,1.2
BATCH-1435,2024-03-15,Day,PRESS-001,189,1,99.47,2.82,247.65,1.31,8.89,12.2
BATCH-1436,2024-03-15,Day,PRESS-002,189,4,97.88,2.87,202.1,1.069,9.03,67.7
BATCH-1437,2024-03-15,Evening,CNC-001,108,0,100.0,4.51,162.2,1.502,8.11,3.4
BATCH-1438,2024-03-15,Evening,CNC-002,115,1,99.13,4.6,173.15,1.506,8.82,17.8
BATCH-1439,2024-03-15,Evening,PRESS-001,192,2,98.96,2.51,261.44,1.362,8.04,1.9
BATCH-1440,2024-03-15,Evening,PRESS-002,190,3,98.42,2.75,191.66,1.009,8.72,3.3
BATCH-1441,2024-03-18,Day,CNC-001,112,2,98.21,4.79,150.84,1.347,8.95,6.5
BATCH-1442,2024-03-18,Day,CNC-002,118,1,99.15,4.66,189.56,1.606,9.16,2.3
BATCH-1443,2024-03-18,Day,PRESS-001,171,3,98.25,2.75,248.32,1.452,7.84,0.3
BATCH-1444,2024-03-18,Day,PRESS-002,186,1,99.46,2.96,247.87,1.333,9.19,11.5
BATCH-1445,2024-03-18,Evening,CNC-001,117,1,99.15,4.18,210.37,1.798,8.15,4.0
BATCH-1446,2024-03-18,Evening,CNC-002,112,1,99.11,4.53,205.56,1.835,8.46,4.9
BATCH-1447,2024-03-18,Evening,PRESS-001,187,3,98.4,2.96,250.73,1.341,9.21,2.2
BATCH-1448,2024-03-18,Evening,PRESS-002,198,2,98.99,2.54,244.3,1.234,8.37,10.5
BATCH-1449,2024-03-19,Day,CNC-001,119,1,99.16,4.93,223.68,1.88,9.77,11.6
BATCH-1450,2024-03-19,Day,CNC-002,115,1,99.13,4.71,204.5,1.778,9.04,5.2
BATCH-1451,2024-03-19,Day,PRESS-001,173,3,98.27,3.0,300.83,1.739,8.65,1.5
BATCH-1452,2024-03-19,Day,PRESS-002,190,7,96.32,2.64,255.01,1.342,8.34,9.8
BATCH-1453,2024-03-19,Evening,CNC-001,106,1,99.06,4.43,165.44,1.561,7.82,14.9
BATCH-1454,2024-03-19,Evening,CNC-002,117,5,95.73,4.11,223.85,1.913,8.02,13.0
BATCH-1455,2024-03-19,Evening,PRESS-001,189,3,98.41,2.42,315.63,1.67,7.62,1.3
BATCH-1456,2024-03-19,Evening,PRESS-002,186,3,98.39,2.55,196.74,1.058,7.9,13.1
BATCH-1457,2024-03-20,Day,CNC-001,102,1,99.02,4.06,167.31,1.64,6.9,3.1
BATCH-1458,2024-03-20,Day,CNC-002,112,2,98.21,4.5,218.56,1.951,8.4,9.7
BATCH-1459,2024-03-20,Day,PRESS-001,185,3,98.38,2.41,290.4,1.57,7.43,0.4
BATCH-1460,2024-03-20,Day,PRESS-002,194,3,98.45,2.55,256.23,1.321,8.26,20.5
BATCH-1461,2024-03-20,Evening,CNC-001,105,2,98.1,4.59,192.73,1.836,8.02,24.6
BATCH-1462,2024-03-20,Evening,CNC-002,118,2,98.31,5.03,244.56,2.073,9.88,6.9
BATCH-1463,2024-03-20,Evening,PRESS-001,195,2,98.97,2.58,318.5,1.633,8.4,11.3
BATCH-1464,2024-03-20,Evening,PRESS-002,177,5,97.18,2.54,244.82,1.383,7.51,8.7
BATCH-1465,2024-03-21,Day,CNC-001,111,2,98.2,4.64,193.93,1.747,8.59,8.1
BATCH-1466,2024-03-21,Day,CNC-002,106,2,98.11,4.78,223.88,2.112,8.45,29.6
BATCH-1467,2024-03-21,Day,PRESS-001,178,7,96.07,3.01,261.99,1.472,8.94,1.1
BATCH-1468,2024-03-21,Day,PRESS-002,195,3,98.46,2.69,247.56,1.27,8.75,13.2
BATCH-1469,2024-03-21,Evening,CNC-001,115,2,98.26,4.45,182.4,1.586,8.54,5.7
BATCH-1470,2024-03-21,Evening,CNC-002,113,2,98.23,4.65,150.24,1.33,8.76,3.3
BATCH-1471,2024-03-21,Evening,PRESS-001,197,5,97.46,2.9,329.58,1.673,9.53,7.8
BATCH-1472,2024-03-21,Evening,PRESS-002,171,1,99.42,3.0,189.8,1.11,8.54,41.7
BATCH-1473,2024-03-22,Day,CNC-001,113,0,100.0,4.53,190.7,1.688,8.54,4.9
BATCH-1474,2024-03-22,Day,CNC-002,104,1,99.04,4.33,192.95,1.855,7.51,0.4
BATCH-1475,2024-03-22,Day,PRESS-001,194,3,98.45,3.14,325.72,1.679,10.14,17.0
BATCH-1476,2024-03-22,Day,PRESS-002,174,1,99.43,2.54,190.59,1.095,7.37,0.5
BATCH-1477,2024-03-22,Evening,CNC-001,107,2,98.13,3.93,169.01,1.58,7.0,12.2
BATCH-1478,2024-03-22,Evening,CNC-002,101,1,99.01,3.97,178.75,1.77,6.69,19.9
BATCH-1479,2024-03-22,Evening,PRESS-001,180,3,98.33,2.82,254.11,1.412,8.45,22.9
BATCH-1480,2024-03-22,Evening,PRESS-002,189,5,97.35,2.79,221.6,1.173,8.8,5.7
BATCH-1481,2024-03-25,Day,CNC-001,107,1,99.07,4.85,193.75,1.811,8.66,1.5
BATCH-1482,2024-03-25,Day,CNC-002,113,1,99.12,5.28,187.2,1.657,9.94,12.4
BATCH-1483,2024-03-25,Day,PRESS-001,195,3,98.46,2.99,316.47,1.623,9.7,23.2
BATCH-1484,2024-03-25,Day,PRESS-002,181,2,98.9,2.87,221.15,1.222,8.67,10.0
BATCH-1485,2024-03-25,Evening,CNC-001,106,2,98.11,4.83,197.33,1.862,8.54,8.2
BATCH-1486,2024-03-25,Evening,CNC-002,114,2,98.25,3.98,212.39,1.863,7.57,26.2
BATCH-1487,2024-03-25,Evening,PRESS-001,175,1,99.43,2.81,296.47,1.694,8.19,51.1
BATCH-1488,2024-03-25,Evening,PRESS-002,195,6,96.92,3.31,247.11,1.267,10.75,2.7
BATCH-1489,2024-03-26,Day,CNC-001,119,2,98.32,3.9,236.45,1.987,7.73,17.9
BATCH-1490,2024-03-26,Day,CNC-002,106,2,98.11,4.54,192.9,1.82,8.03,9.0
BATCH-1491,2024-03-26,Day,PRESS-001,183,2,98.91,2.87,284.4,1.554,8.75,7.4
BATCH-1492,2024-03-26,Day,PRESS-002,190,4,97.89,2.96,241.56,1.271,9.39,3.3
BATCH-1493,2024-03-26,Evening,CNC-001,116,1,99.14,4.72,212.74,1.834,9.13,13.1
BATCH-1494,2024-03-26,Evening,CNC-002,109,0,100.0,4.77,179.69,1.648,8.66,0.1
BATCH-1495,2024-03-26,Evening,PRESS-001,190,5,97.37,2.76,259.62,1.366,8.74,14.7
BATCH-1496,2024-03-26,Evening,PRESS-002,196,5,97.45,2.43,236.74,1.208,7.93,0.7
BATCH-1497,2024-03-27,Day,CNC-001,112,1,99.11,4.35,208.37,1.86,8.12,19.3
BATCH-1498,2024-03-27,Day,CNC-002,105,3,97.14,4.72,146.67,1.397,8.26,0.8
BATCH-1499,2024-03-27,Day,PRESS-001,189,3,98.41,2.97,267.62,1.416,9.35,0.5
BATCH-1500,2024-03-27,Day,PRESS-002,189,3,98.41,2.5,246.74,1.306,7.86,7.6
BATCH-1501,2024-03-27,Evening,CNC-001,114,2,98.25,4.63,201.56,1.768,8.8,21.3
BATCH-1502,2024-03-27,Evening,CNC-002,106,2,98.11,4.6,199.05,1.878,8.12,7.6
BATCH-1503,2024-03-27,Evening,PRESS-001,186,3,98.39,2.97,293.37,1.577,9.21,4.0
BATCH-1504,2024-03-27,Evening,PRESS-002,175,0,100.0,2.63,181.78,1.039,7.68,20.5
BATCH-1505,2024-03-28,Day,CNC-001,105,2,98.1,5.44,167.3,1.593,9.53,6.0
BATCH-1506,2024-03-28,Day,CNC-002,108,2,98.15,4.71,175.66,1.626,8.48,19.7
BATCH-1507,2024-03-28,Day,PRESS-001,199,1,99.5,2.67,335.76,1.687,8.87,29.1
BATCH-1508,2024-03-28,Day,PRESS-002,179,4,97.77,2.87,232.72,1.3,8.57,10.5
BATCH-1509,2024-03-28,Evening,CNC-001,108,2,98.15,4.69,209.5,1.94,8.44,2.6
BATCH-1510,2024-03-28,Evening,CNC-002,109,2,98.17,5.23,184.76,1.695,9.5,8.3
BATCH-1511,2024-03-28,Evening,PRESS-001,180,4,97.78,2.68,268.96,1.494,8.05,23.5
BATCH-1512,2024-03-28,Evening,PRESS-002,190,1,99.47,2.69,211.42,1.113,8.52,40.7
BATCH-1513,2024-03-29,Day,CNC-001,113,0,100.0,4.7,209.3,1.852,8.84,0.8
BATCH-1514,2024-03-29,Day,CNC-002,114,0,100.0,4.89,197.35,1.731,9.29,13.4
BATCH-1515,2024-03-29,Day,PRESS-001,173,4,97.69,2.58,245.56,1.419,7.44,0.8
BATCH-1516,2024-03-29,Day,PRESS-002,173,3,98.27,2.8,183.2,1.059,8.09,16.1
BATCH-1517,2024-03-29,Evening,CNC-001,111,4,96.4,4.59,221.57,1.996,8.49,5.9
BATCH-1518,2024-03-29,Evening,CNC-002,109,3,97.25,4.34,188.85,1.733,7.89,2.0
BATCH-1519,2024-03-29,Evening,PRESS-001,185,4,97.84,2.85,298.31,1.613,8.78,21.8
BATCH-1520,2024-03-29,Evening,PRESS-002,186,5,97.31,2.52,253.62,1.364,7.81,5.2
